<?xml version="1.0" encoding="UTF-8"?>
<AmazonEnvelope xmlns:xsi="http://www.w3.org/2001/XMLSchema-instance" xsi:noNamespaceSchemaLocation="amzn-envelope.xsd">
<Header>
<DocumentVersion>1.01</DocumentVersion>
<MerchantIdentifier>ListingsContentHandler</MerchantIdentifier>
</Header>
<MessageType>Inventory</MessageType>
<Message>
<MessageID>1</MessageID>
<OperationType>Update</OperationType>
<Inventory>
<SKU>0110000001577</SKU>
<Quantity>23</Quantity>
<FulfillmentLatency>3</FulfillmentLatency>
<SwitchFulfillmentTo>MFN</SwitchFulfillmentTo>
</Inventory>
</Message>
<Message>
</AmazonEnvelope>
